"Experiment","Citation","Depth","Sample date","Time (years)","g C m-2 mean ambient CO2","g C m-2 mean increased CO2","n samples ambient CO2","n samples increased CO2","Description of data source","Value treatment","log_response_ration","Phase"
"ArizonaFACE - wheat - high N","Leavitt et al. 2001","0-15 cm","Nov 95",0,1344,1228,4,4,"fig. 3","assumed BD= 1.48 g/cm3 (Post et al. 1988)",-0.0902634123760071,"early"
"ArizonaFACE - wheat - high N","Leavitt et al. 2001","0-15 cm","may 1996",0.5,1363,1305,4,4,"fig. 3","assumed BD= 1.48 g/cm3 (Post et al. 1988)",-0.0434851119397388,"early"
"ArizonaFACE - wheat - high N","Leavitt et al. 2001","0-15 cm","dec. 1996",1,1254,1264,4,4,"fig. 3","assumed BD= 1.48 g/cm3 (Post et al. 1988)",0.00794285351393673,"early"
"ArizonaFACE - wheat - high N","Leavitt et al. 2001","0-15 cm","may 1997",1.5,1258,1400,4,4,"fig. 3","assumed BD= 1.48 g/cm3 (Post et al. 1988)",0.106949078342964,"early"
"Biosphere 2","Trueman and  Gonzalez-Meler 2005","0-25 cm","average 1999",0,5950,6362,1,1,"fig. 3","bulk density: 0.91 g/cm3 for ambient, 0.97 for 800 ppm (table 2)",0.066951573769414,"early"
"Biosphere 2","Trueman and  Gonzalez-Meler 2005","0-25 cm","average 2000",1,5254,4735,1,1,"fig. 3","bulk density: 0.91 g/cm3 for ambient, 0.97 for 800 ppm (table 2)",-0.104007964625307,"early"
"Biosphere 2","Trueman and  Gonzalez-Meler 2005","0-25 cm","average 2001",2,6084,4785,1,1,"fig. 3","bulk density: 0.91 g/cm3 for ambient, 0.97 for 800 ppm (table 2)",-0.240176349492129,"early"
"Biosphere 2","Trueman and  Gonzalez-Meler 2005","0-25 cm","average 2002",3,5470,4064,1,1,"fig. 3","bulk density: 0.91 g/cm3 for ambient, 0.97 for 800 ppm (table 2)",-0.297110906157709,"mid"
"Biosphere 2","Trueman and  Gonzalez-Meler 2005","0-25 cm","average 2003",4,5335,4220,1,1,"fig. 3","bulk density: 0.91 g/cm3 for ambient, 0.97 for 800 ppm (table 2)",-0.234453756705796,"mid"
"China FACE - low N","Zhong et al. 2009","0-15 cm","mar. 2008",3.66,1937,2192,3,3,"table 1","bulk density: 1.16 g/cm3 f(text)",0.12367398466091,"mid"
"China FACE - low N","Zhong et al. 2009","0-15 cm","Jun 08",4,1937,2123,3,3,"table 1","bulk density: 1.16 g/cm3 f(text)",0.0916897982962603,"mid"
"China FACE - high N","Zhong et al. 2009","0-15 cm","mar. 2008",3.66,1926,2135,3,3,"table 1","bulk density: 1.16 g/cm3 f(text)",0.103021333304654,"mid"
"China FACE - high N","Zhong et al. 2009","0-15 cm","Jun 08",4,1937,2105,3,3,"table 1","bulk density: 1.16 g/cm3 f(text)",0.0831750827094859,"mid"
"China OTC - low N","Liu et al. 2010","0-20 cm","Jul 05",0.33,1103,1168,2,3,"fig. 3","bulk density estimated from final soil C contents (text, page 733 and fig. 3)",0.0572591441346698,"early"
"China OTC - low N","Liu et al. 2010","0-20 cm","Nov 05",0.67,1036,1097,2,3,"fig. 3","bulk density estimated from final soil C contents (text, page 733 and fig. 3)",0.0572120374558019,"early"
"China OTC - low N","Liu et al. 2010","0-20 cm","Apr 06",1,1936,2385,2,3,"fig. 3","bulk density estimated from final soil C contents (text, page 733 and fig. 3)",0.208575135485919,"early"
"China OTC - low N","Liu et al. 2010","0-20 cm","Aug 06",1.33,2319,2218,2,3,"fig. 3","bulk density estimated from final soil C contents (text, page 733 and fig. 3)",-0.0445301693452193,"early"
"China OTC - low N","Liu et al. 2010","0-20 cm","Nov 06",1.66,2060,2051,2,3,"fig. 3","bulk density estimated from final soil C contents (text, page 733 and fig. 3)",-0.00437850371124613,"early"
"China OTC - low N","Liu et al. 2010","0-20 cm","Apr 07",2,2431,2301,2,3,"fig. 3","bulk density estimated from final soil C contents (text, page 733 and fig. 3)",-0.0549588842807575,"early"
"China OTC - low N","Liu et al. 2010","0-20 cm","Aug 07",2.33,2263,2361,2,3,"fig. 3","bulk density estimated from final soil C contents (text, page 733 and fig. 3)",0.0423938914519756,"early"
"China OTC - low N","Liu et al. 2010","0-20 cm","Nov 07",2.66,2116,2158,2,3,"fig. 3","bulk density estimated from final soil C contents (text, page 733 and fig. 3)",0.01965435283989,"early"
"China OTC - low N","Liu et al. 2010","0-20 cm","Apr 08",3,3625,3315,2,3,"fig. 3","bulk density estimated from final soil C contents (text, page 733 and fig. 3)",-0.0893966646688123,"mid"
"China OTC - low N","Liu et al. 2010","0-20 cm","Aug 08",3.33,3253,3279,2,3,"fig. 3","bulk density estimated from final soil C contents (text, page 733 and fig. 3)",0.00796085037129672,"mid"
"China OTC - low N","Liu et al. 2010","0-20 cm","Nov 08",3.66,3287,3410,2,3,"fig. 3","bulk density estimated from final soil C contents (text, page 733 and fig. 3)",0.036736996613343,"mid"
"China OTC - high N","Liu et al. 2010","0-20 cm","Jul 05",0.33,1201,1198,2,3,"fig. 3","bulk density estimated from final soil C contents (text, page 733 and fig. 3)",-0.00250104340458884,"early"
"China OTC - high N","Liu et al. 2010","0-20 cm","Nov 05",0.67,922,1409,2,3,"fig. 3","bulk density estimated from final soil C contents (text, page 733 and fig. 3)",0.424090288342086,"early"
"China OTC - high N","Liu et al. 2010","0-20 cm","Apr 06",1,1930,2373,2,3,"fig. 3","bulk density estimated from final soil C contents (text, page 733 and fig. 3)",0.206634974536832,"early"
"China OTC - high N","Liu et al. 2010","0-20 cm","Aug 06",1.33,1951,2514,2,3,"fig. 3","bulk density estimated from final soil C contents (text, page 733 and fig. 3)",0.253533048527082,"early"
"China OTC - high N","Liu et al. 2010","0-20 cm","Nov 06",1.66,1587,3054,2,3,"fig. 3","bulk density estimated from final soil C contents (text, page 733 and fig. 3)",0.654606765252169,"early"
"China OTC - high N","Liu et al. 2010","0-20 cm","Apr 07",2,2015,3030,2,3,"fig. 3","bulk density estimated from final soil C contents (text, page 733 and fig. 3)",0.407943424122631,"early"
"China OTC - high N","Liu et al. 2010","0-20 cm","Aug 07",2.33,2273,2725,2,3,"fig. 3","bulk density estimated from final soil C contents (text, page 733 and fig. 3)",0.181367883244801,"early"
"China OTC - high N","Liu et al. 2010","0-20 cm","Nov 07",2.66,2187,2702,2,3,"fig. 3","bulk density estimated from final soil C contents (text, page 733 and fig. 3)",0.211461497843376,"early"
"China OTC - high N","Liu et al. 2010","0-20 cm","Apr 08",3,3602,3947,2,3,"fig. 3","bulk density estimated from final soil C contents (text, page 733 and fig. 3)",0.0914665499269457,"mid"
"China OTC - high N","Liu et al. 2010","0-20 cm","Aug 08",3.33,3581,4170,2,3,"fig. 3","bulk density estimated from final soil C contents (text, page 733 and fig. 3)",0.152273944794414,"mid"
"China OTC - high N","Liu et al. 2010","0-20 cm","Nov 08",3.66,3645,4158,2,3,"fig. 3","bulk density estimated from final soil C contents (text, page 733 and fig. 3)",0.1316778239752,"mid"
"FACTS I","Lichter et al. 2008","0-15 cm","Aug 96",0,1977,2142,3,3,"tab. 3",NA,0.0801594278370771,"early"
"FACTS I","Lichter et al. 2008","0-15 cm","oct. 1999",3.17,1902,2208,3,3,"tab. 3",NA,0.14918116429165,"mid"
"FACTS I","Lichter et al. 2008","0-15 cm","Aug 02",6,2407,2734,3,3,"tab. 3",NA,0.127384579500823,"mid"
"FACTS I","Lichter et al. 2008","0-15 cm","Aug 06",9,2164,2096,3,3,"tab. 3",NA,-0.0319275945254393,"late"
"FACTS II - Aspen","Talhelm et al. 2009","0-10 cm","2001",4,3575,3562,3,3,"pers. comm.",NA,-0.00364299127850109,"mid"
"FACTS II - Aspen","Talhelm et al. 2009","0-10 cm","2003",6,3625,4435,3,3,"pers. comm.",NA,0.201673327454905,"mid"
"FACTS II - Aspen","Talhelm et al. 2009","0-10 cm","2004",7,3235,3243,3,3,"pers. comm.",NA,0.00246989937231711,"late"
"FACTS II - Aspen","Talhelm et al. 2009","0-10 cm","2005",8,3741,3506,3,3,"pers. comm.",NA,-0.0648771688669663,"late"
"FACTS II - Aspen","Talhelm et al. 2009","0-10 cm","2006",9,4243,3841,3,3,"pers. comm.",NA,-0.09953781685642,"late"
"FACTS II - Aspen","Talhelm et al. 2009","0-10 cm","2007",10,4374,3760,3,3,"pers. comm.",NA,-0.151258964852773,"late"
"FACTS II - Aspen","Talhelm et al. 2009","0-10 cm","2008",11,5119,3267,3,3,"pers. comm.",NA,-0.449086974856513,"late"
"FACTS II - Aspen (+O3)","Talhelm et al. 2009","0-10 cm","2001",4,3193,3199,3,3,"pers. comm.",NA,0.00187734723473602,"mid"
"FACTS II - Aspen (+O3)","Talhelm et al. 2009","0-10 cm","2003",6,3081,3433,3,3,"pers. comm.",NA,0.108180294861024,"mid"
"FACTS II - Aspen (+O3)","Talhelm et al. 2009","0-10 cm","2004",7,3418,2804,3,3,"pers. comm.",NA,-0.198008615521056,"late"
"FACTS II - Aspen (+O3)","Talhelm et al. 2009","0-10 cm","2005",8,3886,2890,3,3,"pers. comm.",NA,-0.296123848830908,"late"
"FACTS II - Aspen (+O3)","Talhelm et al. 2009","0-10 cm","2006",9,4073,3444,3,3,"pers. comm.",NA,-0.167746242100791,"late"
"FACTS II - Aspen (+O3)","Talhelm et al. 2009","0-10 cm","2007",10,4382,3268,3,3,"pers. comm.",NA,-0.293327064175518,"late"
"FACTS II - Aspen (+O3)","Talhelm et al. 2009","0-10 cm","2008",11,4783,3141,3,3,"pers. comm.",NA,-0.42052674414165,"late"
"FACTS II - Aspen/Birch","Talhelm et al. 2009","0-10 cm","2001",4,3256,3817,3,3,"pers. comm.",NA,0.158965325622799,"mid"
"FACTS II - Aspen/Birch","Talhelm et al. 2009","0-10 cm","2003",6,3347,3274,3,3,"pers. comm.",NA,-0.0220519432802464,"mid"
"FACTS II - Aspen/Birch","Talhelm et al. 2009","0-10 cm","2004",7,3408,3457,3,3,"pers. comm.",NA,0.0142755519724182,"late"
"FACTS II - Aspen/Birch","Talhelm et al. 2009","0-10 cm","2005",8,3653,3436,3,3,"pers. comm.",NA,-0.0612407436911365,"late"
"FACTS II - Aspen/Birch","Talhelm et al. 2009","0-10 cm","2006",9,4433,4196,3,3,"pers. comm.",NA,-0.0549448652288657,"late"
"FACTS II - Aspen/Birch","Talhelm et al. 2009","0-10 cm","2007",10,4125,3832,3,3,"pers. comm.",NA,-0.0736791596780302,"late"
"FACTS II - Aspen/Birch","Talhelm et al. 2009","0-10 cm","2008",11,3484,3946,3,3,"pers. comm.",NA,0.124521348610167,"late"
"FACTS II - Aspen/Birch (+O3)","Talhelm et al. 2009","0-10 cm","2001",4,3305,3121,3,3,"pers. comm.",NA,-0.0572830100150072,"mid"
"FACTS II - Aspen/Birch (+O3)","Talhelm et al. 2009","0-10 cm","2003",6,4105,3798,3,3,"pers. comm.",NA,-0.0777311305142974,"mid"
"FACTS II - Aspen/Birch (+O3)","Talhelm et al. 2009","0-10 cm","2004",7,2943,3255,3,3,"pers. comm.",NA,0.100762806409197,"late"
"FACTS II - Aspen/Birch (+O3)","Talhelm et al. 2009","0-10 cm","2005",8,3578,3351,3,3,"pers. comm.",NA,-0.065545176331354,"late"
"FACTS II - Aspen/Birch (+O3)","Talhelm et al. 2009","0-10 cm","2006",9,4083,4064,3,3,"pers. comm.",NA,-0.00466430206125794,"late"
"FACTS II - Aspen/Birch (+O3)","Talhelm et al. 2009","0-10 cm","2007",10,3909,4290,3,3,"pers. comm.",NA,0.0930051461291078,"late"
"FACTS II - Aspen/Birch (+O3)","Talhelm et al. 2009","0-10 cm","2008",11,4113,3849,3,3,"pers. comm.",NA,-0.066339314946678,"late"
"FACTS II - Aspen/Mapel","Talhelm et al. 2009","0-10 cm","2001",4,2908,3541,3,3,"pers. comm.",NA,0.196943613458494,"mid"
"FACTS II - Aspen/Mapel","Talhelm et al. 2009","0-10 cm","2003",6,3327,3186,3,3,"pers. comm.",NA,-0.0433047855484829,"mid"
"FACTS II - Aspen/Mapel","Talhelm et al. 2009","0-10 cm","2004",7,3135,3270,3,3,"pers. comm.",NA,0.0421608108242779,"late"
"FACTS II - Aspen/Mapel","Talhelm et al. 2009","0-10 cm","2005",8,4206,3960,3,3,"pers. comm.",NA,-0.0602680520141188,"late"
"FACTS II - Aspen/Mapel","Talhelm et al. 2009","0-10 cm","2006",9,4023,3850,3,3,"pers. comm.",NA,-0.0439547446679583,"late"
"FACTS II - Aspen/Mapel","Talhelm et al. 2009","0-10 cm","2007",10,4014,4450,3,3,"pers. comm.",NA,0.103115845804002,"late"
"FACTS II - Aspen/Mapel","Talhelm et al. 2009","0-10 cm","2008",11,3948,4675,3,3,"pers. comm.",NA,0.169020041169415,"late"
"FACTS II - Aspen/Mapel (+O3)","Talhelm et al. 2009","0-10 cm","2001",4,3449,3334,3,3,"pers. comm.",NA,-0.0339115496261016,"mid"
"FACTS II - Aspen/Mapel (+O3)","Talhelm et al. 2009","0-10 cm","2003",6,3512,2961,3,3,"pers. comm.",NA,-0.170658626653416,"mid"
"FACTS II - Aspen/Mapel (+O3)","Talhelm et al. 2009","0-10 cm","2004",7,3321,3240,3,3,"pers. comm.",NA,-0.0246926125903715,"late"
"FACTS II - Aspen/Mapel (+O3)","Talhelm et al. 2009","0-10 cm","2005",8,3564,3376,3,3,"pers. comm.",NA,-0.0541919328748522,"late"
"FACTS II - Aspen/Mapel (+O3)","Talhelm et al. 2009","0-10 cm","2006",9,4115,3739,3,3,"pers. comm.",NA,-0.0958206381340564,"late"
"FACTS II - Aspen/Mapel (+O3)","Talhelm et al. 2009","0-10 cm","2007",10,3982,3737,3,3,"pers. comm.",NA,-0.0635010551386577,"late"
"FACTS II - Aspen/Mapel (+O3)","Talhelm et al. 2009","0-10 cm","2008",11,4093,3723,3,3,"pers. comm.",NA,-0.0947484026196861,"late"
"GiFACE","Lenhart 2008","0-7.5 cm","may 1998",0,3420,3528,3,3,"fig. 3.13","assumed bulk density: 1.0 g/cm3",0.0310905870700312,"early"
"GiFACE","Lenhart 2008","0-7.5 cm","june 2007",9.08,3150,3096,3,3,"fig. 3.13","assumed bulk density: 1.0 g/cm3",-0.017291497110061,"late"
"Hohenheim","Marhan et al. 2010","0-10 cm","mar. 2004",2,1725,1767,5,5,"tab. 2",NA,0.0240561428542363,"early"
"Hohenheim","Marhan et al. 2010","0-10 cm","oct. 2004",2.5,1707,1641,5,5,"tab. 2",NA,-0.0394316317043498,"early"
"Hohenheim","Marhan et al. 2010","0-10 cm","mar. 2005",3,1805,1744,5,5,"tab. 2",NA,-0.0343792662980563,"mid"
"Hohenheim","Marhan et al. 2010","0-10 cm","oct. 2005",3.5,1567,1588,5,5,"tab. 2",NA,0.0133123994510603,"mid"
"Hohenheim","Marhan et al. 2010","0-10 cm","mar. 2006",4,1680,1717,5,5,"tab. 2",NA,0.0217847885001708,"mid"
"Hohenheim","Marhan et al. 2010","0-10 cm","oct. 2006",4.5,1721,1763,5,5,"tab. 2",NA,0.0241113861863308,"mid"
"Jasper Ridge - sandstone","Hungate et al. 1997","0-15 cm","Jan 92",0,2646,2646,10,10,"fig. 1, pers. comm.",NA,0,"early"
"Jasper Ridge - sandstone","Hungate et al. 1997","0-15 cm","may 1993",1.41,2646,2354,10,10,"fig. 1, pers. comm.",NA,-0.116933056854679,"early"
"Jasper Ridge - sandstone","Hungate et al. 1997","0-15 cm","may 1994",2.41,2252,2339,10,10,"fig. 1, pers. comm.",NA,0.037904777324598,"early"
"Jasper Ridge - sandstone","Hungate et al. 1997","0-15 cm","may 1995",3.41,2315,2315,10,10,"fig. 1, pers. comm.",NA,0,"mid"
"Jasper Ridge - sandstone","Hungate et al. 1997","0-15 cm","may 1996",4.41,2497,2486,10,10,"fig. 1, pers. comm.",NA,-0.00441501820911683,"mid"
"Jasper Ridge - sandstone","Hungate et al. 1997","0-15 cm","may 1997",5.41,2612,2750,10,10,"fig. 1, pers. comm.",NA,0.0514847002642953,"mid"
"JRGCE - Control","Hungate et al. unpublished","0-15 cm","2000",2,2384,2344,6,6,"pers. comm.",NA,-0.0169208774883372,"early"
"JRGCE - Control","Hungate et al. unpublished","0-15 cm","2006",8,2428,2173,6,6,"pers. comm.",NA,-0.110959171922959,"late"
"JRGCE - Burn","Hungate et al. unpublished","0-15 cm","2000",2,2296,2497,4,4,"pers. comm.",NA,0.0839215328403162,"early"
"JRGCE - Burn","Hungate et al. unpublished","0-15 cm","2006",8,2544,2269,4,4,"pers. comm.",NA,-0.114398439680171,"late"
"JRGCE - N","Hungate et al. unpublished","0-15 cm","2000",2,2248,2381,6,6,"pers. comm.",NA,0.057479635473281,"early"
"JRGCE - N","Hungate et al. unpublished","0-15 cm","2006",8,2552,2329,6,6,"pers. comm.",NA,-0.0914383745803395,"late"
"JRGCE - N x Burn","Hungate et al. unpublished","0-15 cm","2000",2,2359,2425,4,4,"pers. comm.",NA,0.0275937239639086,"early"
"JRGCE - N x Burn","Hungate et al. unpublished","0-15 cm","2006",8,2529,2226,4,4,"pers. comm.",NA,-0.127617714834475,"late"
"JRGCE - Water","Hungate et al. unpublished","0-15 cm","2000",2,2292,2268,6,6,"pers. comm.",NA,-0.0105264129869875,"early"
"JRGCE - Water","Hungate et al. unpublished","0-15 cm","2006",8,2311,2085,6,6,"pers. comm.",NA,-0.102911476041479,"late"
"JRGCE - Water x Burn","Hungate et al. unpublished","0-15 cm","2000",2,2394,2563,4,4,"pers. comm.",NA,0.0682128402461526,"early"
"JRGCE - Water x Burn","Hungate et al. unpublished","0-15 cm","2006",8,2396,2301,4,4,"pers. comm.",NA,-0.040456869199974,"late"
"JRGCE - Water x N","Hungate et al. unpublished","0-15 cm","2000",2,2193,2264,6,6,"pers. comm.",NA,0.0318626909051855,"early"
"JRGCE - Water x N","Hungate et al. unpublished","0-15 cm","2006",8,2626,2442,6,6,"pers. comm.",NA,-0.0726444001920915,"late"
"JRGCE - Water x N x Burn","Hungate et al. unpublished","0-15 cm","2000",2,2251,2569,4,4,"pers. comm.",NA,0.132142156203151,"early"
"JRGCE - Water x N x Burn","Hungate et al. unpublished","0-15 cm","2006",8,2232,2385,4,4,"pers. comm.",NA,0.0663010798212401,"late"
"JRGCE - Heat","Hungate et al. unpublished","0-15 cm","2000",2,2298,2295,6,6,"pers. comm.",NA,-0.00130633591405541,"early"
"JRGCE - Heat","Hungate et al. unpublished","0-15 cm","2006",8,2385,2438,6,6,"pers. comm.",NA,0.0219789067187752,"late"
"JRGCE - Heat x N","Hungate et al. unpublished","0-15 cm","2000",2,2288,2454,6,6,"pers. comm.",NA,0.0700412727711682,"early"
"JRGCE - Heat x N","Hungate et al. unpublished","0-15 cm","2006",8,2283,2449,6,6,"pers. comm.",NA,0.0701894104223723,"late"
"JRGCE - Heat x Water","Hungate et al. unpublished","0-15 cm","2000",2,2327,2310,6,6,"pers. comm.",NA,-0.00733235978645248,"early"
"JRGCE - Heat x Water","Hungate et al. unpublished","0-15 cm","2006",8,2074,2414,6,6,"pers. comm.",NA,0.151806012868004,"late"
"JRGCE - Heat x Water x N","Hungate et al. unpublished","0-15 cm","2000",2,2393,2453,6,6,"pers. comm.",NA,0.024763956350116,"early"
"JRGCE - Heat x Water x N","Hungate et al. unpublished","0-15 cm","2006",8,2110,2407,6,6,"pers. comm.",NA,0.13169321131296,"late"
"Merritt Island","Hungate unpublished","0-10 cm","dec. 1996",0.62,1209,1335,8,8,"pers. comm.",NA,0.0991377202195573,"early"
"Merritt Island","Hungate unpublished","0-10 cm","Jun 98",2.09,1131,1220,8,8,"pers. comm.",NA,0.0757486616111818,"early"
"Merritt Island","Hungate unpublished","0-10 cm","Jul 98",2.17,1264,1292,8,8,"pers. comm.",NA,0.0219101096357443,"early"
"Merritt Island","Hungate unpublished","0-10 cm","Aug 98",2.31,1356,1281,8,8,"pers. comm.",NA,-0.0568981666036067,"early"
"Merritt Island","Carney et al. 2007","0-10 cm","Nov 98",2.55,1734,1567,8,8,"fig. 1, pers. comm.",NA,-0.101267914984466,"early"
"Merritt Island","Carney et al. 2007","0-10 cm","Sep 99",3.36,1782,1712,8,8,"fig. 1, pers. comm.",NA,-0.0400740513290673,"mid"
"Merritt Island","Carney et al. 2007","0-10 cm","mar. 2001",4.87,2191,1941,8,8,"fig. 1, pers. comm.",NA,-0.121154756426456,"mid"
"Merritt Island","Carney et al. 2007","0-10 cm","may 2002",6,2099,1741,8,8,"fig. 1, pers. comm.",NA,-0.187001380052444,"mid"
"Merritt Island","Langley et al. 2009","0-10 cm","may 2002",6,1999,1628,8,8,"pers. comm.",NA,-0.205294787937915,"mid"
"Merritt Island","McKinley et al. unpublished","0-10 cm","may 2007",11,1512,1411,8,8,"pers. comm.",NA,-0.0691346048866642,"late"
"NewZealandFACE","Ross et al. 2004","0-5 cm","may/oct. 1997",0,2685,2465,3,3,"table 1","assumed bulk density: 1.0 g/cm3",-0.0854889204661746,"early"
"NewZealandFACE","Ross et al. 2004","0-5 cm","may/oct. 1998",1,2650,2490,3,3,"table 1","assumed bulk density: 1.0 g/cm3",-0.0622769295215146,"early"
"NewZealandFACE","Ross et al. 2004","0-5 cm","may/oct. 1999",2,2655,2525,3,3,"table 1","assumed bulk density: 1.0 g/cm3",-0.050203591966579,"early"
"NewZealandFACE","Ross et al. 2004","0-5 cm","may/oct. 2000",3,2675,2565,3,3,"table 1","assumed bulk density: 1.0 g/cm3",-0.0419909017252371,"mid"
"NewZealandFACE","Ross et al. 2004","0-5 cm","may/oct. 2001",4,2515,2445,3,3,"table 1","assumed bulk density: 1.0 g/cm3",-0.0282276806248672,"mid"
"NewZealandFACE","Ross et al. 2004","0-5 cm","may/oct. 2002",5,2585,2490,3,3,"table 1","assumed bulk density: 1.0 g/cm3",-0.0374427974837762,"mid"
"NewZealandFACE","Ross et al. 2013","0-5 cm","may/oct. 2003",6,2519,2510,3,3,"fig. 3","assumed bulk density: 1.0 g/cm3",-0.00357924422678067,"mid"
"NewZealandFACE","Ross et al. 2013","0-5 cm","may/oct. 2004",7,2599,2534,3,3,"fig. 3","assumed bulk density: 1.0 g/cm3",-0.0253276737604059,"late"
"NewZealandFACE","Ross et al. 2013","0-5 cm","may/oct. 2005",8,2659,2659,3,3,"fig. 3","assumed bulk density: 1.0 g/cm3",0,"late"
"NewZealandFACE","Ross et al. 2013","0-5 cm","may/oct. 2006",9,2657,2722,3,3,"fig. 3","assumed bulk density: 1.0 g/cm3",0.0241692374515979,"late"
"NewZealandFACE","Ross et al. 2013","0-5 cm","may/oct. 2007",10,2722,2822,3,3,"fig. 3","assumed bulk density: 1.0 g/cm3",0.0360789492013479,"late"
"New Zealand Greenhouse","Ross et al. 1995","0-5 cm","-",0,2112.2,2122.4,1,1,"fig. 2","assumed bulk density: 1.0 g/cm3",0.00481746551115598,"early"
"New Zealand Greenhouse","Ross et al. 1995","0-5 cm","-",0.25,2122.4,2142.9,1,1,"fig. 2","assumed bulk density: 1.0 g/cm3",0.00961252800550657,"early"
"New Zealand Greenhouse","Ross et al. 1995","0-5 cm","-",0.5,1969.4,1979.6,1,1,"fig. 2","assumed bulk density: 1.0 g/cm3",0.00516587626402929,"early"
"New Zealand Greenhouse","Ross et al. 1995","0-5 cm","-",0.75,1969.4,2000,1,1,"fig. 2","assumed bulk density: 1.0 g/cm3",0.0154182527283806,"early"
"New Zealand OTC - P. radiata","Ross et al. 2006","0-10 cm","Apr 94",0,100,100,2,2,"fig. 2","assumed bulk density: 1.0 g/cm3",0,"early"
"New Zealand OTC - P. radiata","Ross et al. 2006","0-10 cm","mar. 2000",6,412,530,2,2,"fig. 2","assumed bulk density: 1.0 g/cm3",0.251853657196641,"mid"
"New Zealand OTC - N. fusca","Ross et al. 2006","0-10 cm","Apr 94",0,100,100,3,3,"fig. 2","assumed bulk density: 1.0 g/cm3",0,"early"
"New Zealand OTC - N. fusca","Ross et al. 2006","0-10 cm","mar. 2000",6,2403,3402,3,3,"fig. 2","assumed bulk density: 1.0 g/cm3",0.347645537219338,"mid"
"ORNL FACE","Jastrow et al. 2005","0-15 cm","oct. 1997",0,2672,2791,3,2,"fig. 1b",NA,0.0435726988797858,"early"
"ORNL FACE","Jastrow et al. 2005","0-15 cm","Nov 00",2.42,2785,2866,3,2,"fig. 1b",NA,0.0286694560267327,"early"
"ORNL FACE","Jastrow et al. 2005","0-15 cm","oct. 2002",4.33,2730,2991,3,2,"fig. 1b",NA,0.0913061704509427,"mid"
"ORNL FACE","Iversen et al. 2012","0-15 cm","june 2009",11,3370,3850,3,2,"tab. 1",NA,0.133160403935423,"late"
"Placerville - low N","Johnson et al. 2006","0-30 cm","mar. 1991",0,8400,8000,3,3,"fig. 4",NA,-0.0487901641694321,"early"
"Placerville - low N","Johnson et al. 2006","0-30 cm","mar. 1993",1.75,7600,7600,3,3,"fig. 4",NA,0,"early"
"Placerville - low N","Johnson et al. 2006","0-30 cm","Sep 96",5.5,7400,7600,3,3,"fig. 4",NA,0.0266682470821613,"mid"
"Placerville - medium N","Johnson et al. 2006","0-30 cm","mar. 1991",0,7800,7900,3,3,"fig. 4",NA,0.0127390257774297,"early"
"Placerville - medium N","Johnson et al. 2006","0-30 cm","mar. 1993",1.75,7700,7800,3,3,"fig. 4",NA,0.0129034048359078,"early"
"Placerville - medium N","Johnson et al. 2006","0-30 cm","Sep 96",5.5,7400,8300,3,3,"fig. 4",NA,0.114775514592428,"mid"
"Placerville - high N","Johnson et al. 2006","0-30 cm","mar. 1991",0,8100,7500,3,3,"fig. 4",NA,-0.0769610411361283,"early"
"Placerville - high N","Johnson et al. 2006","0-30 cm","mar. 1993",1.75,7500,8500,3,3,"fig. 4",NA,0.125163142954006,"early"
"Placerville - high N","Johnson et al. 2006","0-30 cm","Sep 96",5.5,7400,8100,3,3,"fig. 4",NA,0.0903840614682689,"mid"
"POPFACE - alba","Hoosbeek et al. 2009","0-10 cm","oct. 1999",0,1320,1128,3,3,"fig. 5, pers. comm.",NA,-0.157185583522412,"early"
"POPFACE - alba","Hoosbeek et al. 2009","0-10 cm","oct. 2000",1,1365,1195,3,3,"fig. 5, pers. comm.",NA,-0.133008243253449,"early"
"POPFACE - alba","Hoosbeek et al. 2009","0-10 cm","oct. 2001",2,1524,1295,3,3,"fig. 5, pers. comm.",NA,-0.162827762112953,"early"
"POPFACE - alba","Hoosbeek et al. 2009","0-10 cm","oct. 2003",4,1629,1377,3,3,"fig. 5, pers. comm.",NA,-0.16805910987339,"mid"
"POPFACE - alba","Hoosbeek et al. 2009","0-10 cm","oct. 2004",5,1647,1480,3,3,"fig. 5, pers. comm.",NA,-0.10691336341948,"mid"
"POPFACE - euramericana","Hoosbeek et al. 2009","0-10 cm","oct. 1999",0,1252,1165,3,3,"fig. 5, pers. comm.",NA,-0.0720211856602429,"early"
"POPFACE - euramericana","Hoosbeek et al. 2009","0-10 cm","oct. 2000",1,1429,1213,3,3,"fig. 5, pers. comm.",NA,-0.163878268985817,"early"
"POPFACE - euramericana","Hoosbeek et al. 2009","0-10 cm","oct. 2001",2,1405,1084,3,3,"fig. 5, pers. comm.",NA,-0.259379399768255,"early"
"POPFACE - euramericana","Hoosbeek et al. 2009","0-10 cm","oct. 2003",4,1635,1431,3,3,"fig. 5, pers. comm.",NA,-0.133269303774903,"mid"
"POPFACE - euramericana","Hoosbeek et al. 2009","0-10 cm","oct. 2004",5,1686,1370,3,3,"fig. 5, pers. comm.",NA,-0.20754811973963,"mid"
"POPFACE - nigra","Hoosbeek et al. 2009","0-10 cm","oct. 1999",0,1379,1149,3,3,"fig. 5, pers. comm.",NA,-0.182466599944546,"early"
"POPFACE - nigra","Hoosbeek et al. 2009","0-10 cm","oct. 2000",1,1458,1169,3,3,"fig. 5, pers. comm.",NA,-0.220916951096535,"early"
"POPFACE - nigra","Hoosbeek et al. 2009","0-10 cm","oct. 2001",2,1534,1112,3,3,"fig. 5, pers. comm.",NA,-0.321718507116674,"early"
"POPFACE - nigra","Hoosbeek et al. 2009","0-10 cm","oct. 2003",4,1518,1246,3,3,"fig. 5, pers. comm.",NA,-0.197455258608177,"mid"
"POPFACE - nigra","Hoosbeek et al. 2009","0-10 cm","oct. 2004",5,1509,1344,3,3,"fig. 5, pers. comm.",NA,-0.115796937684754,"mid"
"Shortgrass prairie","Pendall et al. 2004","0-5 cm","Nov 95",0,617,645,3,3,"appendix",NA,0.0443812928903847,"early"
"Shortgrass prairie","Pendall et al. 2004","0-5 cm","end growing season  1997",1,527,542,3,3,"appendix",NA,0.028065452898284,"early"
"Shortgrass prairie","Pendall et al. 2004","0-5 cm","end growing season  1998",2,488,522,3,3,"appendix",NA,0.0673521820294916,"early"
"Shortgrass prairie","Pendall et al. 2004","0-5 cm","end growing season  1999",3,618,616,3,3,"appendix",NA,-0.00324149392417096,"mid"
"Shortgrass prairie","Pendall et al. 2004","0-5 cm","end growing season  2000",4,603,593,3,3,"appendix",NA,-0.01672279772946,"mid"
"SoyFACE","Moran and Jastrow 2010","0-12.5 cm","spring 2001",0,4803,4142,3,3,"pers. comm.","assumed bulk density: 1.24 g/cm3. 1  ring removed from dataset",-0.148061959709295,"early"
"SoyFACE","Moran and Jastrow 2010","0-12.5 cm","spring 2006",5,4671,4100,3,3,"pers. comm.","assumed bulk density: 1.23 g/cm3. 1 ring removed from dataset",-0.130386207809709,"mid"
"SoyFACE","Moran and Jastrow 2010","0-12.5 cm","spring 2007",6,4437,3836,3,3,"pers. comm.","assumed bulk density: 1.19 g/cm3. 1 ring removed from dataset",-0.145548315375581,"mid"
"SwissFACE- grass - low N","Van Kessel et al. 2006","0-10 cm","may 1995",2,2878,2862,3,3,"pers. comm.",NA,-0.00557492733091687,"early"
"SwissFACE- grass - low N","Van Kessel et al. 2006","0-10 cm","may 1996",3,2796,3584,3,3,"pers. comm.",NA,0.24828967074112,"mid"
"SwissFACE- grass - low N","Van Kessel et al. 2006","0-10 cm","may 1997",4,2855,2790,3,3,"pers. comm.",NA,-0.0230302472746992,"mid"
"SwissFACE- grass - low N","Van Kessel et al. 2006","0-10 cm","may 1998",5,3305,3368,3,3,"pers. comm.",NA,0.0188826230764307,"mid"
"SwissFACE- grass - low N","Van Kessel et al. 2006","0-10 cm","may 1999",6,2970,2946,3,3,"pers. comm.",NA,-0.00811363477416977,"mid"
"SwissFACE- grass - low N","Van Kessel et al. 2006","0-10 cm","may 2000",7,2606,2759,3,3,"pers. comm.",NA,0.0570518165324956,"late"
"SwissFACE- grass - low N","Van Kessel et al. 2006","0-10 cm","may 2001",8,3733,3834,3,3,"pers. comm.",NA,0.026696444691006,"late"
"SwissFACE- grass - low N","Van Kessel et al. 2006","0-10 cm","may 2002",9,3350,3498,3,3,"pers. comm.",NA,0.0432310307594352,"late"
"SwissFACE- grass - low N","Van Kessel et al. 2006","0-10 cm","may 2003",10,3293,3198,3,3,"pers. comm.",NA,-0.0292733889824648,"late"
"SwissFACE- grass - high N","Van Kessel et al. 2006","0-10 cm","may 1995",2,3528,3223,3,3,"pers. comm.",NA,-0.0904185353112441,"early"
"SwissFACE- grass - high N","Van Kessel et al. 2006","0-10 cm","may 1996",3,3052,3892,3,3,"pers. comm.",NA,0.243126050901548,"mid"
"SwissFACE- grass - high N","Van Kessel et al. 2006","0-10 cm","may 1997",4,3075,3091,3,3,"pers. comm.",NA,0.005189761891498,"mid"
"SwissFACE- grass - high N","Van Kessel et al. 2006","0-10 cm","may 1998",5,3494,3606,3,3,"pers. comm.",NA,0.0315519130692607,"mid"
"SwissFACE- grass - high N","Van Kessel et al. 2006","0-10 cm","may 1999",6,2986,3045,3,3,"pers. comm.",NA,0.0195662020448616,"mid"
"SwissFACE- grass - high N","Van Kessel et al. 2006","0-10 cm","may 2000",7,2920,2588,3,3,"pers. comm.",NA,-0.120698239641536,"late"
"SwissFACE- grass - high N","Van Kessel et al. 2006","0-10 cm","may 2001",8,3434,3114,3,3,"pers. comm.",NA,-0.0978176890634772,"late"
"SwissFACE- grass - high N","Van Kessel et al. 2006","0-10 cm","may 2002",9,3302,3439,3,3,"pers. comm.",NA,0.0406523859521929,"late"
"SwissFACE- grass - high N","Van Kessel et al. 2006","0-10 cm","may 2003",10,3258,3332,3,3,"pers. comm.",NA,0.0224592141247429,"late"
"SwissFACE- clover - low N","Van Kessel et al. 2006","0-10 cm","may 1995",2,2822,2872,3,3,"pers. comm.",NA,0.0175627977553555,"early"
"SwissFACE- clover - low N","Van Kessel et al. 2006","0-10 cm","may 1996",3,3048,3500,3,3,"pers. comm.",NA,0.138277330670968,"mid"
"SwissFACE- clover - low N","Van Kessel et al. 2006","0-10 cm","may 1997",4,2862,2931,3,3,"pers. comm.",NA,0.0238229805944962,"mid"
"SwissFACE- clover - low N","Van Kessel et al. 2006","0-10 cm","may 1998",5,3034,3291,3,3,"pers. comm.",NA,0.0813095890348624,"mid"
"SwissFACE- clover - low N","Van Kessel et al. 2006","0-10 cm","may 1999",6,2758,2911,3,3,"pers. comm.",NA,0.0539908853923762,"mid"
"SwissFACE- clover - low N","Van Kessel et al. 2006","0-10 cm","may 2000",7,2544,2987,3,3,"pers. comm.",NA,0.160531893756097,"late"
"SwissFACE- clover - low N","Van Kessel et al. 2006","0-10 cm","may 2001",8,3443,3145,3,3,"pers. comm.",NA,-0.0905292942039828,"late"
"SwissFACE- clover - low N","Van Kessel et al. 2006","0-10 cm","may 2002",9,3053,3591,3,3,"pers. comm.",NA,0.162306001491205,"late"
"SwissFACE- clover - low N","Van Kessel et al. 2006","0-10 cm","may 2003",10,2999,3076,3,3,"pers. comm.",NA,0.0253511518765255,"late"
"SwissFACE- clover - high N","Van Kessel et al. 2006","0-10 cm","may 1995",2,2916,3496,3,3,"pers. comm.",NA,0.181406643646877,"early"
"SwissFACE- clover - high N","Van Kessel et al. 2006","0-10 cm","may 1996",3,3256,3688,3,3,"pers. comm.",NA,0.124584857554054,"mid"
"SwissFACE- clover - high N","Van Kessel et al. 2006","0-10 cm","may 1997",4,2725,2996,3,3,"pers. comm.",NA,0.0948096375397656,"mid"
"SwissFACE- clover - high N","Van Kessel et al. 2006","0-10 cm","may 1998",5,3233,3406,3,3,"pers. comm.",NA,0.0521280834972004,"mid"
"SwissFACE- clover - high N","Van Kessel et al. 2006","0-10 cm","may 1999",6,2759,3153,3,3,"pers. comm.",NA,0.133486085327775,"mid"
"SwissFACE- clover - high N","Van Kessel et al. 2006","0-10 cm","may 2000",7,2630,2434,3,3,"pers. comm.",NA,-0.0774478516243377,"late"
"SwissFACE- clover - high N","Van Kessel et al. 2006","0-10 cm","may 2001",8,3528,3572,3,3,"pers. comm.",NA,0.0123945248697078,"late"
"SwissFACE- clover - high N","Van Kessel et al. 2006","0-10 cm","may 2002",9,3209,3456,3,3,"pers. comm.",NA,0.0741524888140894,"late"
"SwissFACE- clover - high N","Van Kessel et al. 2006","0-10 cm","may 2003",10,2993,3236,3,3,"pers. comm.",NA,0.0780617703256833,"late"
"Swiss Greenhouse","Körner and Arnone 1992","0-20 cm","-",0,1280,1280,2,2,"table 4",NA,0,"early"
"Swiss Greenhouse","Körner and Arnone 1992","0-20 cm","-",0.25,1205,980,2,2,"table 4",NA,-0.206682274260138,"early"
"Tallgrass Prairie","Rice et al. 1994","0-5 cm","Nov 92",2.5,2985,2860,3,3,"table 1","bulk density = 0.93 g/cm3 (Williams et al. 2000)",-0.0427781220128042,"early"
"Tallgrass Prairie","Williams et al. 2000","0-5 cm","oct. 1996",8,2181,2372,3,3,"table 1","bulk density = 0.93 g/cm3 (Williams et al. 2000)",0.083949993915987,"late"
"UMBS - aspen","Zak et al. 1993","0-15 cm","may 1991",0,297,297,4,4,"table 2","assumed bulk density: 1.0 g/cm3",0,"early"
"UMBS - aspen","Zak et al. 1993","0-15 cm","oct. 1991",0.5,242,290,4,4,"table 2","assumed bulk density: 1.0 g/cm3",0.180943196823833,"early"
"WSL - loam, low N","Hagedorn et al. 2001","0-10 cm","Jan 95",0,1290,1290,4,4,"fig. 4, pers. comm.","assumed bulk density: 1.0 g/cm3",0,"early"
"WSL - loam, low N","Hagedorn et al. 2001","0-10 cm","Sep 98",3.75,1317,1471,4,4,"fig. 4, pers. comm.","assumed bulk density: 1.0 g/cm3",0.110586018858156,"mid"
"WSL - loam, high N","Hagedorn et al. 2001","0-10 cm","Jan 95",0,1290,1290,4,4,"fig. 4, pers. comm.","assumed bulk density: 1.0 g/cm3",0,"early"
"WSL - loam, high N","Hagedorn et al. 2001","0-10 cm","Sep 98",3.75,1482,1547,4,4,"fig. 4, pers. comm.","assumed bulk density: 1.0 g/cm3",0.0429250447170338,"mid"
"WSL - sand, low N","Hagedorn et al. 2001","0-10 cm","Jan 95",0,1310,1310,4,4,"fig. 4, pers. comm.","assumed bulk density: 1.0 g/cm3",0,"early"
"WSL - sand, low N","Hagedorn et al. 2001","0-10 cm","Sep 98",3.75,1167,1214,4,4,"fig. 4, pers. comm.","assumed bulk density: 1.0 g/cm3",0.0394843393328875,"mid"
"WSL - sand, high N","Hagedorn et al. 2001","0-10 cm","Jan 95",0,1310,1310,4,4,"fig. 4, pers. comm.","assumed bulk density: 1.0 g/cm3",0,"early"
"WSL - sand, high N","Hagedorn et al. 2001","0-10 cm","Sep 98",3.75,1120,1183,4,4,"fig. 4, pers. comm.","assumed bulk density: 1.0 g/cm3",0.0547248996892465,"mid"
